ManufacturerID,Manufacturer,Logo
1,"Contoso, Ltd.",https://raw.githubusercontent.com/PragmaticWorksTraining/DIAD/main/Logos/Contoso.png
2,Tailwind Traders,https://raw.githubusercontent.com/PragmaticWorksTraining/DIAD/main/Logos/TailwindTraders.png
3,Northwind Traders,https://raw.githubusercontent.com/PragmaticWorksTraining/DIAD/main/Logos/NorthwindTraders.png
4,Wide World Importers,https://raw.githubusercontent.com/PragmaticWorksTraining/DIAD/main/Logos/WideWorldImporters.png
5,Adatum Corporation,https://raw.githubusercontent.com/PragmaticWorksTraining/DIAD/main/Logos/AdatemCorporation.png
6,"Proseware, Inc.",https://raw.githubusercontent.com/PragmaticWorksTraining/DIAD/main/Logos/Proseware.png
7,"VanArsdel, Ltd.",https://raw.githubusercontent.com/PragmaticWorksTraining/DIAD/main/Logos/VanArsdel.png
8,"Fabrikam, Inc.",https://raw.githubusercontent.com/PragmaticWorksTraining/DIAD/main/Logos/Fabrikam.png
9,Consolidated Messenger,https://raw.githubusercontent.com/PragmaticWorksTraining/DIAD/main/Logos/ConsolidatedMessenger.png
10,Nod Publishers,https://raw.githubusercontent.com/PragmaticWorksTraining/DIAD/main/Logos/NodPublishers.png
11,Lucerne Publishing,https://raw.githubusercontent.com/PragmaticWorksTraining/DIAD/main/Logos/LucernePublishing.png
12,Trey Research,https://raw.githubusercontent.com/PragmaticWorksTraining/DIAD/main/Logos/TreyResearch.png
13,Relecloud,https://raw.githubusercontent.com/PragmaticWorksTraining/DIAD/main/Logos/Relecloud.png
14,First Up Consultants,https://raw.githubusercontent.com/PragmaticWorksTraining/DIAD/main/Logos/FirstUpConsultants.png
